{
  "module_names": [
    {
      "branches": 0,
      "branches_missing": 0,
      "branches_partial": 0,
      "coverage": 100.0,
      "lines": [
        2,
        11,
        12,
        13,
        14,
        15,
        16,
        17,
        18,
        19,
        20,
        21,
        22,
        23,
        24,
        25,
        26,
        27,
        28,
        29,
        52,
        53,
        55,
        56,
        63,
        67,
        69,
        74,
        76,
        81,
        83,
        85
      ],
      "lines_not_covered": [],
      "module": "cardanoresnet1",
      "sum_lines": 32,
      "sum_lines_not_covered": 0
    },
    {
      "branches": 0,
      "branches_missing": 0,
      "branches_partial": 0,
      "coverage": 100.0,
      "lines": [
        1,
        2,
        3,
        4,
        5,
        6,
        7,
        8,
        9,
        10,
        11,
        12,
        13,
        14,
        15,
        16,
        17,
        18,
        19,
        22,
        26,
        28,
        33,
        35,
        40,
        42,
        44
      ],
      "lines_not_covered": [],
      "module": "AI",
      "sum_lines": 27,
      "sum_lines_not_covered": 0
    },
    {
      "branches": 2,
      "branches_missing": 1,
      "branches_partial": 1,
      "coverage": 98.14814814814815,
      "lines": [
        1,
        2,
        3,
        4,
        5,
        6,
        7,
        8,
        9,
        10,
        11,
        12,
        13,
        14,
        25,
        26,
        27,
        28,
        29,
        30,
        35,
        44,
        47,
        65,
        70,
        71,
        72,
        73,
        74,
        75,
        76,
        77,
        91,
        99,
        101,
        102,
        106,
        107,
        109,
        110,
        122,
        124,
        146,
        148,
        149,
        152,
        157,
        158,
        159,
        160,
        162,
        166,
        167,
        168
      ],
      "lines_not_covered": [
        149
      ],
      "module": "c1",
      "sum_lines": 54,
      "sum_lines_not_covered": 1
    }
  ],
  "overall_branch_coverage": 50.0,
  "overall_branch_partial_coverage": 50.0,
  "overall_coverage": 99.11504424778761
}